"time","n_event","n_risk","n_censor","survival","std_err","cumhaz","std_chaz","lower","upper","strata","id"
1164,1,6,0,0.833333333333333,0.182574185835055,0.166666666666667,0.166666666666667,0.58265479547714,1,"LCP1_mRNA_expression=Low","patient_4"
1287,1,5,0,0.666666666666667,0.288675134594813,0.366666666666667,0.260341655863555,0.378606460887095,1,"LCP1_mRNA_expression=Low","patient_1"
1436,0,4,1,0.666666666666667,0.288675134594813,0.366666666666667,0.260341655863555,0.378606460887095,1,"LCP1_mRNA_expression=Low","patient_6"
2145,0,3,1,0.666666666666667,0.288675134594813,0.366666666666667,0.260341655863555,0.378606460887095,1,"LCP1_mRNA_expression=Low","patient_7"
2458,1,2,0,0.333333333333333,0.763762615825973,0.866666666666667,0.563717817509592,0.0746041227596265,1,"LCP1_mRNA_expression=Low","patient_8"
510,0,2,1,1,0,0,0,1,1,"LCP1_mRNA_expression=High","patient_2"
5844,1,1,0,0,Inf,1.86666666666667,1.14794502384817,NA,NA,"LCP1_mRNA_expression=Low","patient_5"
762,0,1,1,1,0,0,0,1,1,"LCP1_mRNA_expression=High","patient_3"
