"","cell_type","pacient_5","pacient_6","pacient_4","pacient_1","pacient_2","pacient_3","pacient_7","pacient_8"
"1","B cell",0.0139723595335293,0.00131282265738427,0.144243357884012,5.76181552595092e-05,0.112821228095205,0.17595127536085,0.000115398817206814,0.0231440427327564
"2","Cancer associated fibroblast",0.0422364785121669,0.0640762382526215,0.0559559020891515,0.00305204793586485,0.0211237590974707,0.0078583556352583,3.98715291408612e-06,0.0379560231322333
"3","T cell CD4+",0.0628571342342871,0.0538093610550532,8.55440094498656e-07,2.80991652135149e-05,0.151621599851687,0.0722122378347776,4.38982119334625e-05,0.0507839559969558
"4","T cell CD8+",5.11866962757258e-08,9.31623467890263e-07,4.82773382814894e-07,0.00122126370175986,0.00106071126196655,1.53399646025926e-07,4.16352128938427e-05,6.54618129984155e-08
"5","Endothelial cell",0.0160211782104127,0.0242557029926622,0.0120999545587653,0.0918880791842578,0.0147480183822585,0.039132830179192,5.65765643578985e-05,0.0515526631624345
"6","Macrophage",0.0257873439223002,0.00830332959559275,0.330654957025769,0.902395244930491,0.0371764643591829,0.105865042055118,0.999734250142921,0.170133303831264
"7","NK cell",6.23770567871482e-09,1.38890888034712e-08,0.0426656304788504,0.00134285540207965,0.000534369082348596,0.00136643959292341,4.25350085594158e-06,0.0270074457430161
"8","uncharacterized cell",0.839125448162902,0.848241599934129,0.414378859749975,1.47915250742944e-05,0.66091384986988,0.597613665942235,3.96916804551993e-10,0.639422499939527
